"Reference","Value","Footprint","Qty","DNP"
"C1","4.7nF 1kV C0G | FV32N472J102EFG","Capacitor_SMD:C_1210_3225Metric","1",""
"C2","4.7uF","Capacitor_SMD:C_0805_2012Metric","1",""
"C3","100nF","Capacitor_SMD:C_0603_1608Metric","1",""
"C4","1uF","Capacitor_SMD:C_0805_2012Metric","1",""
"C5","47uF","Capacitor_SMD:C_1210_3225Metric","1",""
"C6","100nF","Capacitor_SMD:C_0603_1608Metric","1",""
"C7","10uF","Capacitor_SMD:C_0805_2012Metric","1",""
"C8","100nF","Capacitor_SMD:C_0603_1608Metric","1",""
"C9","22uF","Capacitor_SMD:C_0805_2012Metric","1",""
"C10","100nF","Capacitor_SMD:C_0603_1608Metric","1",""
"C11","3.3nF","Capacitor_SMD:C_0603_1608Metric","1",""
"C12","100nF","Capacitor_SMD:C_0603_1608Metric","1",""
"C13","22uF 16V","Capacitor_SMD:C_0805_2012Metric","1",""
"C14","22uF 16V","Capacitor_SMD:C_0805_2012Metric","1",""
"C15","22uF 16V","Capacitor_SMD:C_0805_2012Metric","1",""
"C16","10uF","Capacitor_SMD:C_0603_1608Metric","1",""
"C17","10uF","Capacitor_SMD:C_0805_2012Metric","1",""
"C18","10uF","Capacitor_SMD:C_0805_2012Metric","1",""
"C19","10uF","Capacitor_SMD:C_0603_1608Metric","1",""
"C20","1uF","Capacitor_SMD:C_0805_2012Metric","1",""
"C21","10uF","Capacitor_SMD:C_0805_2012Metric","1",""
"C22","100nF","Capacitor_SMD:C_0603_1608Metric","1",""
"C23","100uF low-ESR","Capacitor_SMD:C_1210_3225Metric","1",""
"C30","100nF","Capacitor_SMD:C_0603_1608Metric","1",""
"C31","1uF","Capacitor_SMD:C_0805_2012Metric","1",""
"C40","100nF","Capacitor_SMD:C_0603_1608Metric","1",""
"C41","1uF","Capacitor_SMD:C_0805_2012Metric","1",""
"C42","100nF","Capacitor_SMD:C_0603_1608Metric","1",""
"C43","18pF C0G","Capacitor_SMD:C_0603_1608Metric","1",""
"C44","18pF C0G","Capacitor_SMD:C_0603_1608Metric","1",""
"C45","100nF","Capacitor_SMD:C_0603_1608Metric","1",""
"C46","1uF","Capacitor_SMD:C_0805_2012Metric","1",""
"C60","100nF X7R FIT","Capacitor_SMD:C_0805_2012Metric","1",""
"C61","100nF","Capacitor_SMD:C_0603_1608Metric","1",""
"C62","1uF","Capacitor_SMD:C_0805_2012Metric","1",""
"C63","470uF 6.3V EEEFK0J471GP DNP","Capacitor_SMD:CP_Elec_8x10","1",""
"D10","STATUS GREEN","LED_SMD:LED_0603_1608Metric","1",""
"D20","PESD2CAN24T-Q","Package_TO_SOT_SMD:SOT-23","1",""
"D40","PESD2CAN24T-Q","Package_TO_SOT_SMD:SOT-23","1",""
"D60","HPESD5V0U1BA-Q","Diode_SMD:D_SOD-323","1",""
"J1","USB4105-GF-A","Connector_USB:USB_C_Receptacle_GCT_USB4105-xx-A_16P_TopMnt_Horizontal","1",""
"J10","B4B-PH-K-S(LF)(SN)","Connector_JST:JST_PH_B4B-PH-K_1x04_P2.00mm_Vertical","1",""
"J20","1715734","TerminalBlock_Phoenix:TerminalBlock_Phoenix_MKDS-1,5-3-5.08_1x03_P5.08mm_Horizontal","1",""
"J40","1715734","TerminalBlock_Phoenix:TerminalBlock_Phoenix_MKDS-1,5-3-5.08_1x03_P5.08mm_Horizontal","1",""
"J60","KLPX-0848A-2-B","A3_Control_Center:KLPX-0848A-2-B","1",""
"JP20","CAN_HS TERM ENABLE","Jumper:SolderJumper-2_P1.3mm_Open_RoundedPad1.0x1.5mm","1",""
"JP40","CAN_FT RTH ENABLE","Jumper:SolderJumper-2_P1.3mm_Open_RoundedPad1.0x1.5mm","1",""
"JP41","CAN_FT RTL ENABLE","Jumper:SolderJumper-2_P1.3mm_Open_RoundedPad1.0x1.5mm","1",""
"JP60","BUFFERED DC FIT","Jumper:SolderJumper-2_P1.3mm_Bridged_RoundedPad1.0x1.5mm","1",""
"JP61","OUTPUT AC DNP","Jumper:SolderJumper-2_P1.3mm_Open_RoundedPad1.0x1.5mm","1",""
"JP62","PASSIVE DNP","Jumper:SolderJumper-2_P1.3mm_Open_RoundedPad1.0x1.5mm","1",""
"L1","2.2uH XFL4020-222MEC","Inductor_SMD:L_Coilcraft_XxL4020","1",""
"L2","1.5uH XFL4020-152MEC","Inductor_SMD:L_Coilcraft_XxL4020","1",""
"Q1","SS8050","Package_TO_SOT_SMD:SOT-23","1",""
"Q2","SS8050","Package_TO_SOT_SMD:SOT-23","1",""
"R1","5.1k 1%","Resistor_SMD:R_0603_1608Metric","1",""
"R2","5.1k 1%","Resistor_SMD:R_0603_1608Metric","1",""
"R3","1M","Resistor_SMD:R_0603_1608Metric","1",""
"R4","0R DNP","Resistor_SMD:R_0603_1608Metric","1",""
"R5","22.1k 1%","Resistor_SMD:R_0603_1608Metric","1",""
"R6","47.5k 1%","Resistor_SMD:R_0603_1608Metric","1",""
"R7","1k","Resistor_SMD:R_0603_1608Metric","1",""
"R8","28.7k 1%","Resistor_SMD:R_0603_1608Metric","1",""
"R9","10k","Resistor_SMD:R_0603_1608Metric","1",""
"R10","100k","Resistor_SMD:R_0603_1608Metric","1",""
"R11","10k","Resistor_SMD:R_0603_1608Metric","1",""
"R12","680k 1%","Resistor_SMD:R_0603_1608Metric","1",""
"R13","130k 1%","Resistor_SMD:R_0603_1608Metric","1",""
"R14","100k","Resistor_SMD:R_0603_1608Metric","1",""
"R20","10k","Resistor_SMD:R_0603_1608Metric","1",""
"R21","10k","Resistor_SMD:R_0603_1608Metric","1",""
"R22","10k","Resistor_SMD:R_0603_1608Metric","1",""
"R23","10k","Resistor_SMD:R_0603_1608Metric","1",""
"R24","4.7k DNP","Resistor_SMD:R_0603_1608Metric","1",""
"R25","4.7k DNP","Resistor_SMD:R_0603_1608Metric","1",""
"R26","1k","Resistor_SMD:R_0603_1608Metric","1",""
"R27","10k","Resistor_SMD:R_0603_1608Metric","1",""
"R30","0R (CMC bypass)","Resistor_SMD:R_0603_1608Metric","1",""
"R31","0R (CMC bypass)","Resistor_SMD:R_0603_1608Metric","1",""
"R32","120R 1%","Resistor_SMD:R_0603_1608Metric","1",""
"R40","10k","Resistor_SMD:R_0603_1608Metric","1",""
"R41","10k","Resistor_SMD:R_0603_1608Metric","1",""
"R42","10k","Resistor_SMD:R_0603_1608Metric","1",""
"R43","10k","Resistor_SMD:R_0603_1608Metric","1",""
"R44","10k","Resistor_SMD:R_0603_1608Metric","1",""
"R45","10k","Resistor_SMD:R_0603_1608Metric","1",""
"R46","0R (CMC bypass)","Resistor_SMD:R_0603_1608Metric","1",""
"R47","0R (CMC bypass)","Resistor_SMD:R_0603_1608Metric","1",""
"R48","1.2k 1% CONFIG","Resistor_SMD:R_0603_1608Metric","1",""
"R49","1.2k 1% CONFIG","Resistor_SMD:R_0603_1608Metric","1",""
"R50","10k","Resistor_SMD:R_0603_1608Metric","1",""
"R60","33R","Resistor_SMD:R_0603_1608Metric","1",""
"R61","0R DNP (DC INPUT)","Resistor_SMD:R_0603_1608Metric","1",""
"R62","75R 1%","Resistor_SMD:R_0603_1608Metric","1",""
"R63","TBD DNP (PASSIVE)","Resistor_SMD:R_0603_1608Metric","1",""
"SW1","RESET / EN","Button_Switch_SMD:SW_Push_1P1T_NO_E-Switch_TL3301NxxxxxG","1",""
"SW2","BOOT","Button_Switch_SMD:SW_Push_1P1T_NO_E-Switch_TL3301NxxxxxG","1",""
"SW3","USER","Button_Switch_SMD:SW_Push_1P1T_NO_E-Switch_TL3301NxxxxxG","1",""
"TP1","VBUS_RAW","TestPoint:TestPoint_Pad_D1.0mm","1",""
"TP2","+5V_USB","TestPoint:TestPoint_Pad_D1.0mm","1",""
"TP3","+3V3","TestPoint:TestPoint_Pad_D1.0mm","1",""
"TP4","+5V_FT","TestPoint:TestPoint_Pad_D1.0mm","1",""
"TP5","GND","TestPoint:TestPoint_Pad_D1.0mm","1",""
"TP6","UART0_TX","TestPoint:TestPoint_Pad_D1.0mm","1",""
"TP7","UART0_RX","TestPoint:TestPoint_Pad_D1.0mm","1",""
"TP8","USB_PWR_FAULT","TestPoint:TestPoint_Pad_D1.0mm","1",""
"TP10","ESP_EN","TestPoint:TestPoint_Pad_D1.0mm","1",""
"TP11","ESP_GPIO0","TestPoint:TestPoint_Pad_D1.0mm","1",""
"TP12","DAC2_RESERVED","TestPoint:TestPoint_Pad_D1.0mm","1",""
"TP13","VIDEO_DAC","TestPoint:TestPoint_Pad_D1.0mm","1",""
"TP14","EXP_GPIO34","TestPoint:TestPoint_Pad_D1.0mm","1",""
"TP15","EXP_GPIO14","TestPoint:TestPoint_Pad_D1.0mm","1",""
"TP20","CAN_HS_H","TestPoint:TestPoint_Pad_D1.0mm","1",""
"TP21","CAN_HS_L","TestPoint:TestPoint_Pad_D1.0mm","1",""
"TP40","CAN_FT_H","TestPoint:TestPoint_Pad_D1.0mm","1",""
"TP41","CAN_FT_L","TestPoint:TestPoint_Pad_D1.0mm","1",""
"TP60","VIDEO_DAC","TestPoint:TestPoint_Pad_D1.0mm","1",""
"TP61","VIDEO_BUF_OUT","TestPoint:TestPoint_Pad_D1.0mm","1",""
"TP62","VIDEO_RCA","TestPoint:TestPoint_Pad_D1.0mm","1",""
"U1","USBLC6-2SC6","Package_TO_SOT_SMD:SOT-23-6","1",""
"U2","CP2102N-A02-GQFN28R","Package_DFN_QFN:QFN-28-1EP_5x5mm_P0.5mm_EP3.35x3.35mm","1",""
"U3","TPS2553DBVR","Package_TO_SOT_SMD:SOT-23-6","1",""
"U4","TPS62132RGTR","Package_DFN_QFN:VQFN-16-1EP_3x3mm_P0.5mm_EP1.68x1.68mm_ThermalVias","1",""
"U5","TPS63070RNMR","A3_Control_Center:TI_RNM0015A_VQFN-HR-15","1",""
"U10","ESP32-WROOM-32E-N4","RF_Module:ESP32-WROOM-32E","1",""
"U20","TCAN332DR","Package_SO:SOIC-8_3.9x4.9mm_P1.27mm","1",""
"U40","MCP2515T-I/SO","Package_SO:SOIC-18W_7.5x11.6mm_P1.27mm","1",""
"U41","TJA1055T/3/2Z","Package_SO:SO-14_3.9x8.65mm_P1.27mm","1",""
"U60","THS7314DR","Package_SO:SOIC-8_3.9x4.9mm_P1.27mm","1",""
"Y40","ABM3BAIG-16.000MHZ-12-2-T","Crystal:Crystal_SMD_5032-4Pin_5.0x3.2mm","1",""
