Ref,Val,Package,PosX,PosY,Rot,Side
"C1","4.7nF 1kV C0G | FV32N472J102EFG","C_1210_3225Metric",27.500000,-77.500000,90.000000,top
"C2","4.7uF","C_0805_2012Metric",32.500000,-77.000000,0.000000,top
"C3","100nF","C_0603_1608Metric",36.000000,-77.000000,0.000000,top
"C4","1uF","C_0805_2012Metric",25.000000,-52.000000,-90.000000,top
"C5","47uF","C_1210_3225Metric",44.000000,-77.000000,0.000000,top
"C6","100nF","C_0603_1608Metric",36.000000,-63.000000,90.000000,top
"C7","10uF","C_0805_2012Metric",33.500000,-56.500000,0.000000,top
"C8","100nF","C_0603_1608Metric",33.500000,-59.500000,0.000000,top
"C9","22uF","C_0805_2012Metric",48.000000,-55.500000,180.000000,top
"C10","100nF","C_0603_1608Metric",47.500000,-59.500000,180.000000,top
"C11","3.3nF","C_0603_1608Metric",37.000000,-52.000000,90.000000,top
"C12","100nF","C_0603_1608Metric",57.500000,-55.000000,0.000000,top
"C13","22uF 16V","C_0805_2012Metric",56.500000,-64.000000,0.000000,top
"C14","22uF 16V","C_0805_2012Metric",60.000000,-64.000000,0.000000,top
"C15","22uF 16V","C_0805_2012Metric",64.000000,-64.000000,0.000000,top
"C16","10uF","C_0603_1608Metric",61.000000,-61.000000,90.000000,top
"C17","10uF","C_0805_2012Metric",57.500000,-51.500000,0.000000,top
"C18","10uF","C_0805_2012Metric",62.500000,-51.500000,0.000000,top
"C19","10uF","C_0603_1608Metric",61.000000,-54.000000,0.000000,top
"C20","1uF","C_0805_2012Metric",32.500000,-32.000000,0.000000,top
"C21","10uF","C_0805_2012Metric",32.500000,-27.500000,0.000000,top
"C22","100nF","C_0603_1608Metric",32.500000,-29.800000,0.000000,top
"C23","100uF low-ESR","C_1210_3225Metric",48.000000,-48.500000,0.000000,top
"C30","100nF","C_0603_1608Metric",70.800000,-28.600000,0.000000,top
"C31","1uF","C_0805_2012Metric",70.500000,-34.000000,0.000000,top
"C40","100nF","C_0603_1608Metric",80.000000,-34.000000,180.000000,top
"C41","1uF","C_0805_2012Metric",74.000000,-36.000000,0.000000,top
"C42","100nF","C_0603_1608Metric",78.000000,-36.000000,0.000000,top
"C43","18pF C0G","C_0603_1608Metric",66.500000,-49.500000,0.000000,top
"C44","18pF C0G","C_0603_1608Metric",64.000000,-41.000000,0.000000,top
"C45","100nF","C_0603_1608Metric",88.000000,-34.000000,0.000000,top
"C46","1uF","C_0805_2012Metric",86.000000,-51.000000,0.000000,top
"C60","100nF X7R FIT","C_0805_2012Metric",84.000000,-69.000000,0.000000,top
"C61","100nF","C_0603_1608Metric",88.000000,-77.000000,0.000000,top
"C62","1uF","C_0805_2012Metric",94.000000,-77.000000,0.000000,top
"C63","470uF 6.3V EEEFK0J471GP DNP","CP_Elec_8x10",91.000000,-84.000000,0.000000,top
"D10","STATUS GREEN","LED_0603_1608Metric",28.500000,-43.000000,0.000000,top
"D20","PESD2CAN24T-Q","SOT-23",86.500000,-27.500000,90.000000,top
"D40","PESD2CAN24T-Q","SOT-23",96.000000,-47.000000,90.000000,top
"D60","HPESD5V0U1BA-Q","D_SOD-323",104.000000,-70.000000,90.000000,top
"J1","USB4105-GF-A","USB_C_Receptacle_GCT_USB4105-xx-A_16P_TopMnt_Horizontal",22.500000,-69.000000,-90.000000,top
"J10","B4B-PH-K-S(LF)(SN)","JST_PH_B4B-PH-K_1x04_P2.00mm_Vertical",34.000000,-86.000000,0.000000,top
"J20","1715734","TerminalBlock_Phoenix_MKDS-1,5-3-5.08_1x03_P5.08mm_Horizontal",95.500000,-27.500000,0.000000,top
"J40","1715734","TerminalBlock_Phoenix_MKDS-1,5-3-5.08_1x03_P5.08mm_Horizontal",103.000000,-47.000000,0.000000,top
"J60","KLPX-0848A-2-B","KLPX-0848A-2-B",110.000000,-80.500000,0.000000,top
"JP20","CAN_HS TERM ENABLE","SolderJumper-2_P1.3mm_Open_RoundedPad1.0x1.5mm",105.000000,-37.000000,0.000000,top
"JP40","CAN_FT RTH ENABLE","SolderJumper-2_P1.3mm_Open_RoundedPad1.0x1.5mm",95.000000,-56.000000,0.000000,top
"JP41","CAN_FT RTL ENABLE","SolderJumper-2_P1.3mm_Open_RoundedPad1.0x1.5mm",100.000000,-56.000000,0.000000,top
"JP60","BUFFERED DC FIT","SolderJumper-2_P1.3mm_Bridged_RoundedPad1.0x1.5mm",95.000000,-68.000000,0.000000,top
"JP61","OUTPUT AC DNP","SolderJumper-2_P1.3mm_Open_RoundedPad1.0x1.5mm",99.000000,-68.000000,0.000000,top
"JP62","PASSIVE DNP","SolderJumper-2_P1.3mm_Open_RoundedPad1.0x1.5mm",82.000000,-78.000000,0.000000,top
"L1","2.2uH XFL4020-222MEC","L_Coilcraft_XxL4020",43.300000,-57.000000,0.000000,top
"L2","1.5uH XFL4020-152MEC","L_Coilcraft_XxL4020",65.500000,-57.500000,-90.000000,top
"Q1","SS8050","SOT-23",46.000000,-67.000000,0.000000,top
"Q2","SS8050","SOT-23",46.000000,-72.000000,0.000000,top
"R1","5.1k 1%","R_0603_1608Metric",27.000000,-81.500000,90.000000,top
"R2","5.1k 1%","R_0603_1608Metric",29.000000,-84.000000,90.000000,top
"R3","1M","R_0603_1608Metric",23.000000,-58.000000,0.000000,top
"R4","0R DNP","R_0603_1608Metric",25.500000,-61.500000,0.000000,top
"R5","22.1k 1%","R_0603_1608Metric",30.500000,-51.500000,90.000000,top
"R6","47.5k 1%","R_0603_1608Metric",33.500000,-51.500000,90.000000,top
"R7","1k","R_0603_1608Metric",37.000000,-74.000000,180.000000,top
"R8","28.7k 1%","R_0603_1608Metric",29.000000,-61.000000,0.000000,top
"R9","10k","R_0603_1608Metric",45.000000,-61.500000,90.000000,top
"R10","100k","R_0603_1608Metric",42.500000,-51.500000,0.000000,top
"R11","10k","R_0603_1608Metric",54.500000,-53.500000,180.000000,top
"R12","680k 1%","R_0603_1608Metric",56.500000,-59.500000,180.000000,top
"R13","130k 1%","R_0603_1608Metric",56.500000,-61.500000,0.000000,top
"R14","100k","R_0603_1608Metric",56.000000,-57.250000,180.000000,top
"R20","10k","R_0603_1608Metric",57.000000,-67.000000,0.000000,top
"R21","10k","R_0603_1608Metric",57.000000,-70.000000,0.000000,top
"R22","10k","R_0603_1608Metric",52.000000,-71.000000,0.000000,top
"R23","10k","R_0603_1608Metric",42.000000,-74.500000,0.000000,top
"R24","4.7k DNP","R_0603_1608Metric",44.000000,-82.000000,0.000000,top
"R25","4.7k DNP","R_0603_1608Metric",48.000000,-79.500000,0.000000,top
"R26","1k","R_0603_1608Metric",32.000000,-43.000000,180.000000,top
"R27","10k","R_0603_1608Metric",60.500000,-49.500000,0.000000,top
"R30","0R (CMC bypass)","R_0603_1608Metric",82.500000,-25.500000,0.000000,top
"R31","0R (CMC bypass)","R_0603_1608Metric",82.500000,-29.500000,0.000000,top
"R32","120R 1%","R_0603_1608Metric",99.000000,-37.000000,0.000000,top
"R40","10k","R_0603_1608Metric",68.000000,-52.000000,0.000000,top
"R41","10k","R_0603_1608Metric",84.000000,-59.000000,0.000000,top
"R42","10k","R_0603_1608Metric",76.000000,-52.000000,0.000000,top
"R43","10k","R_0603_1608Metric",80.000000,-52.000000,0.000000,top
"R44","10k","R_0603_1608Metric",82.000000,-36.000000,0.000000,top
"R45","10k","R_0603_1608Metric",85.000000,-36.000000,0.000000,top
"R46","0R (CMC bypass)","R_0603_1608Metric",93.000000,-39.000000,0.000000,top
"R47","0R (CMC bypass)","R_0603_1608Metric",95.000000,-41.500000,0.000000,top
"R48","1.2k 1% CONFIG","R_0603_1608Metric",88.000000,-55.000000,-90.000000,top
"R49","1.2k 1% CONFIG","R_0603_1608Metric",91.000000,-55.000000,-90.000000,top
"R50","10k","R_0603_1608Metric",60.000000,-45.000000,0.000000,top
"R60","33R","R_0603_1608Metric",80.000000,-70.500000,0.000000,top
"R61","0R DNP (DC INPUT)","R_0603_1608Metric",84.000000,-75.000000,0.000000,top
"R62","75R 1%","R_0603_1608Metric",99.000000,-72.000000,0.000000,top
"R63","TBD DNP (PASSIVE)","R_0603_1608Metric",79.000000,-75.000000,0.000000,top
"SW1","RESET / EN","SW_Push_1P1T_NO_E-Switch_TL3301NxxxxxG",53.500000,-85.000000,0.000000,top
"SW2","BOOT","SW_Push_1P1T_NO_E-Switch_TL3301NxxxxxG",65.500000,-85.000000,0.000000,top
"SW3","USER","SW_Push_1P1T_NO_E-Switch_TL3301NxxxxxG",77.500000,-85.000000,0.000000,top
"TP1","VBUS_RAW","TestPoint_Pad_D1.0mm",22.500000,-48.500000,0.000000,top
"TP2","+5V_USB","TestPoint_Pad_D1.0mm",33.000000,-54.000000,0.000000,top
"TP3","+3V3","TestPoint_Pad_D1.0mm",52.500000,-64.000000,0.000000,top
"TP4","+5V_FT","TestPoint_Pad_D1.0mm",71.000000,-57.500000,0.000000,top
"TP5","GND","TestPoint_Pad_D1.0mm",72.000000,-66.000000,0.000000,top
"TP6","UART0_TX","TestPoint_Pad_D1.0mm",50.500000,-57.500000,0.000000,top
"TP7","UART0_RX","TestPoint_Pad_D1.0mm",40.500000,-60.500000,0.000000,top
"TP8","USB_PWR_FAULT","TestPoint_Pad_D1.0mm",48.000000,-64.000000,0.000000,top
"TP10","ESP_EN","TestPoint_Pad_D1.0mm",55.000000,-80.000000,0.000000,top
"TP11","ESP_GPIO0","TestPoint_Pad_D1.0mm",59.000000,-80.000000,0.000000,top
"TP12","DAC2_RESERVED","TestPoint_Pad_D1.0mm",30.000000,-39.000000,0.000000,top
"TP13","VIDEO_DAC","TestPoint_Pad_D1.0mm",67.000000,-80.000000,0.000000,top
"TP14","EXP_GPIO34","TestPoint_Pad_D1.0mm",30.000000,-35.000000,0.000000,top
"TP15","EXP_GPIO14","TestPoint_Pad_D1.0mm",31.000000,-47.000000,0.000000,top
"TP20","CAN_HS_H","TestPoint_Pad_D1.0mm",78.000000,-21.500000,0.000000,top
"TP21","CAN_HS_L","TestPoint_Pad_D1.0mm",91.000000,-33.000000,0.000000,top
"TP40","CAN_FT_H","TestPoint_Pad_D1.0mm",106.000000,-58.000000,0.000000,top
"TP41","CAN_FT_L","TestPoint_Pad_D1.0mm",110.000000,-58.000000,0.000000,top
"TP60","VIDEO_DAC","TestPoint_Pad_D1.0mm",77.000000,-67.000000,0.000000,top
"TP61","VIDEO_BUF_OUT","TestPoint_Pad_D1.0mm",99.000000,-64.000000,0.000000,top
"TP62","VIDEO_RCA","TestPoint_Pad_D1.0mm",104.000000,-64.000000,0.000000,top
"U1","USBLC6-2SC6","SOT-23-6",31.000000,-69.000000,0.000000,top
"U2","CP2102N-A02-GQFN28R","QFN-28-1EP_5x5mm_P0.5mm_EP3.35x3.35mm",39.000000,-69.000000,0.000000,top
"U3","TPS2553DBVR","SOT-23-6",29.000000,-56.500000,0.000000,top
"U4","TPS62132RGTR","VQFN-16-1EP_3x3mm_P0.5mm_EP1.68x1.68mm_ThermalVias",38.500000,-57.000000,180.000000,top
"U5","TPS63070RNMR","TI_RNM0015A_VQFN-HR-15",61.000000,-57.500000,0.000000,top
"U10","ESP32-WROOM-32E-N4","ESP32-WROOM-32E",45.000000,-32.799999,0.000000,top
"U20","TCAN332DR","SOIC-8_3.9x4.9mm_P1.27mm",76.500000,-28.000000,0.000000,top
"U40","MCP2515T-I/SO","SOIC-18W_7.5x11.6mm_P1.27mm",75.000000,-43.500000,0.000000,top
"U41","TJA1055T/3/2Z","SO-14_3.9x8.65mm_P1.27mm",86.500000,-43.500000,0.000000,top
"U60","THS7314DR","SOIC-8_3.9x4.9mm_P1.27mm",91.000000,-72.000000,0.000000,top
"Y40","ABM3BAIG-16.000MHZ-12-2-T","Crystal_SMD_5032-4Pin_5.0x3.2mm",66.000000,-45.500000,90.000000,top
