Designator,Mid X,Mid Y,Layer,Rotation
C1,7.500mm,57.500mm,Top,90.0
C2,12.500mm,57.000mm,Top,0.0
C3,16.000mm,57.000mm,Top,0.0
C4,5.000mm,32.000mm,Top,270.0
C5,24.000mm,57.000mm,Top,0.0
C6,16.000mm,43.000mm,Top,90.0
C7,13.500mm,36.500mm,Top,0.0
C8,13.500mm,39.500mm,Top,0.0
C9,28.000mm,35.500mm,Top,180.0
C10,27.500mm,39.500mm,Top,180.0
C11,17.000mm,32.000mm,Top,90.0
C12,37.500mm,35.000mm,Top,0.0
C13,36.500mm,44.000mm,Top,0.0
C14,40.000mm,44.000mm,Top,0.0
C15,44.000mm,44.000mm,Top,0.0
C16,41.000mm,41.000mm,Top,90.0
C17,37.500mm,31.500mm,Top,0.0
C18,42.500mm,31.500mm,Top,0.0
C19,41.000mm,34.000mm,Top,0.0
C20,12.500mm,12.000mm,Top,0.0
C21,12.500mm,7.500mm,Top,0.0
C22,12.500mm,9.800mm,Top,0.0
C23,28.000mm,28.500mm,Top,0.0
C30,50.800mm,8.600mm,Top,0.0
C31,50.500mm,14.000mm,Top,0.0
C40,60.000mm,14.000mm,Top,180.0
C41,54.000mm,16.000mm,Top,0.0
C42,58.000mm,16.000mm,Top,0.0
C43,46.500mm,29.500mm,Top,0.0
C44,44.000mm,21.000mm,Top,0.0
C45,68.000mm,14.000mm,Top,0.0
C46,66.000mm,31.000mm,Top,0.0
C60,64.000mm,49.000mm,Top,0.0
C61,68.000mm,57.000mm,Top,0.0
C62,74.000mm,57.000mm,Top,0.0
D10,8.500mm,23.000mm,Top,0.0
D20,66.500mm,7.500mm,Top,90.0
D40,76.000mm,27.000mm,Top,90.0
D60,84.000mm,50.000mm,Top,90.0
J1,2.500mm,49.000mm,Top,270.0
J10,14.000mm,66.000mm,Top,0.0
J20,75.500mm,7.500mm,Top,0.0
J40,83.000mm,27.000mm,Top,0.0
J60,90.000mm,60.500mm,Top,0.0
L1,23.300mm,37.000mm,Top,0.0
L2,45.500mm,37.500mm,Top,270.0
Q1,26.000mm,47.000mm,Top,0.0
Q2,26.000mm,52.000mm,Top,0.0
R1,7.000mm,61.500mm,Top,90.0
R2,9.000mm,64.000mm,Top,90.0
R3,3.000mm,38.000mm,Top,0.0
R5,10.500mm,31.500mm,Top,90.0
R6,13.500mm,31.500mm,Top,90.0
R7,17.000mm,54.000mm,Top,180.0
R8,9.000mm,41.000mm,Top,0.0
R9,25.000mm,41.500mm,Top,90.0
R10,22.500mm,31.500mm,Top,0.0
R11,34.500mm,33.500mm,Top,180.0
R12,36.500mm,39.500mm,Top,180.0
R13,36.500mm,41.500mm,Top,0.0
R14,36.000mm,37.250mm,Top,180.0
R20,37.000mm,47.000mm,Top,0.0
R21,37.000mm,50.000mm,Top,0.0
R22,32.000mm,51.000mm,Top,0.0
R23,22.000mm,54.500mm,Top,0.0
R26,12.000mm,23.000mm,Top,180.0
R27,40.500mm,29.500mm,Top,0.0
R30,62.500mm,5.500mm,Top,0.0
R31,62.500mm,9.500mm,Top,0.0
R32,79.000mm,17.000mm,Top,0.0
R40,48.000mm,32.000mm,Top,0.0
R41,64.000mm,39.000mm,Top,0.0
R42,56.000mm,32.000mm,Top,0.0
R43,60.000mm,32.000mm,Top,0.0
R44,62.000mm,16.000mm,Top,0.0
R45,65.000mm,16.000mm,Top,0.0
R46,73.000mm,19.000mm,Top,0.0
R47,75.000mm,21.500mm,Top,0.0
R48,68.000mm,35.000mm,Top,270.0
R49,71.000mm,35.000mm,Top,270.0
R50,40.000mm,25.000mm,Top,0.0
R60,60.000mm,50.500mm,Top,0.0
R62,79.000mm,52.000mm,Top,0.0
SW1,33.500mm,65.000mm,Top,0.0
SW2,45.500mm,65.000mm,Top,0.0
SW3,57.500mm,65.000mm,Top,0.0
U1,11.000mm,49.000mm,Top,0.0
U2,19.000mm,49.000mm,Top,0.0
U3,9.000mm,36.500mm,Top,0.0
U4,18.500mm,37.000mm,Top,180.0
U5,41.000mm,37.500mm,Top,0.0
U10,25.000mm,12.800mm,Top,0.0
U20,56.500mm,8.000mm,Top,0.0
U40,55.000mm,23.500mm,Top,0.0
U41,66.500mm,23.500mm,Top,0.0
U60,71.000mm,52.000mm,Top,0.0
Y40,46.000mm,25.500mm,Top,90.0
