Comment,Designator,Footprint,JLCPCB Part #
FV32N472J102EFG,C1,C_1210_3225Metric,C5156737
CL21B475KOFNNNE,C2,C_0805_2012Metric,C107365
CL10B104KB8NNNC,"C3,C6,C8,C10,C12,C22,C30,C40,C42,C45,C61",C_0603_1608Metric,C1591
CL21B105KAFNNNE,"C4,C20,C31,C41,C46,C62",C_0805_2012Metric,C116352
CL32A476KPJNNNE,C5,C_1210_3225Metric,C525654
CL21A106KAYNNNE,"C7,C17,C18,C21",C_0805_2012Metric,C15850
CL21A226MPQNNNE,C9,C_0805_2012Metric,C29277
C0603C332J5GACTU,C11,C_0603_1608Metric,C2170675
CL21A226MOQNNNE,"C13,C14,C15",C_0805_2012Metric,C98190
CL10A106MA8NRNC,"C16,C19",C_0603_1608Metric,C96446
CL32A107MPVNNNE,C23,C_1210_3225Metric,C23742
CL10C180JB8NNNC,"C43,C44",C_0603_1608Metric,C1647
CC0805KRX7R9BB104,C60,C_0805_2012Metric,C49678
LTST-C191KGKT,D10,LED_0603_1608Metric,C125098
PESD2CAN24T-Q,"D20,D40",SOT-23,C28933048
HPESD5V0U1BA-Q,D60,D_SOD-323,C25503782
USB4105-GF-A,J1,USB_C_Receptacle_GCT_USB4105-xx-A_16P_TopMnt_Horizontal,C3020560
B4B-PH-K-S(LF)(SN),J10,JST_PH_B4B-PH-K_1x04_P2.00mm_Vertical,C131334
1715734,"J20,J40","TerminalBlock_Phoenix_MKDS-1,5-3-5.08_1x03_P5.08mm_Horizontal",C480520
RCJ-014,J60,RCJ-014,C4991844
WPN4020H2R2MT,L1,WPN4020H,C98361
XGL4020-152MEC,L2,L_Coilcraft_XxL4020,C7417180
SS8050(RANGE:300-400),"Q1,Q2",SOT-23,C177739
0603WAF5101T5E,"R1,R2",R_0603_1608Metric,C23186
0603WAF1004T5E,R3,R_0603_1608Metric,C22935
0603WAF2212T5E,R5,R_0603_1608Metric,C25961
0603WAF4752T5E,R6,R_0603_1608Metric,C23061
0603WAF1001T5E,"R7,R26",R_0603_1608Metric,C21190
0603WAF2872T5E,R8,R_0603_1608Metric,C22928
0603WAF1002T5E,"R9,R11,R20,R21,R22,R23,R27,R40,R41,R42,R43,R44,R45,R50",R_0603_1608Metric,C25804
0603WAF1003T5E,"R10,R14",R_0603_1608Metric,C25803
0603WAF6803T5E,R12,R_0603_1608Metric,C25822
0603WAF1303T5E,R13,R_0603_1608Metric,C22795
0603WAF0000T5E,"R30,R31,R46,R47",R_0603_1608Metric,C21189
0603WAF1200T5E,R32,R_0603_1608Metric,C22787
0603WAF1201T5E,"R48,R49",R_0603_1608Metric,C22765
0603WAF330JT5E,R60,R_0603_1608Metric,C23140
0603WAF750JT5E,R62,R_0603_1608Metric,C4275
TL3301NF260QG,"SW1,SW2,SW3",SW_Push_1P1T_NO_E-Switch_TL3301NxxxxxG,C273528
USBLC6-2SC6,U1,SOT-23-6,C7519
CP2102N-A02-GQFN28R,U2,QFN-28-1EP_5x5mm_P0.5mm_EP3.35x3.35mm,C964632
TPS2553DBVR,U3,SOT-23-6,C55266
TPS62132RGTR,U4,VQFN-16-1EP_3x3mm_P0.5mm_EP1.68x1.68mm_ThermalVias,C81563
TPS63070RNMR,U5,TI_RNM0015A_VQFN-HR-15,C109322
ESP32-WROOM-32E-N4,U10,ESP32-WROOM-32E,C701341
TCAN332DR,U20,SOIC-8_3.9x4.9mm_P1.27mm,C73651
MCP2515T-I/SO,U40,SOIC-18W_7.5x11.6mm_P1.27mm,C153782
TJA1055T/3/2Z,U41,SO-14_3.9x8.65mm_P1.27mm,C5202584
THS7314DR,U60,SOIC-8_3.9x4.9mm_P1.27mm,C882751
ABM3BAIG-16.000MHZ-12-2-T,Y40,Crystal_SMD_5032-4Pin_5.0x3.2mm,C1986798
