Block,Qty,Reference,Manufacturer,Manufacturer_Part,Package,Population,Status,KiCad_Footprint,JLC_Assembly,Notes
MCU,1,U_MCU,Espressif,ESP32-WROOM-32E-N4,Module 18.0x25.5mm,Fit,Selected,RF_Module:ESP32-WROOM-32E,SMT exact-MPN stock audit,"4 MB flash; PCB antenna; manufacturer-recommended successor to requested NRND module"
USB,1,J_USB,GCT,USB4105-GF-A,SMT/THT shell,Fit,Selected,Connector_USB:USB_C_Receptacle_GCT_USB4105-xx-A_16P_TopMnt_Horizontal,SMT exact-MPN sourcing,"Official KiCad footprint matches GCT family; final mechanical overlay required"
USB,1,U_USB_UART,Silicon Labs,CP2102N-A02-GQFN28R,QFN-28,Fit,Selected,Package_DFN_QFN:QFN-28-1EP_5x5mm_P0.5mm_EP3.35x3.35mm,SMT LCSC C964632,"Tape-and-reel ordering suffix; same A02 silicon and QFN28 land pattern; external 3.3 V logic supply"
USB,1,U_USB_ESD,STMicroelectronics,USBLC6-2SC6,SOT-23-6,Fit,Selected,Package_TO_SOT_SMD:SOT-23-6,SMT stock audit,"D+/D- ESD"
USB,1,C1,PSA (Prosperity Dielectrics),FV32N472J102EFG,1210,Fit,Selected,Capacitor_SMD:C_1210_3225Metric,SMT LCSC C5156737,"4.7 nF 1 kV C0G +/-5%; Revision A prototype USB shield-to-board-ground coupling; commercial/non-AEC-Q200"
Power,1,U_IN_SWITCH,Texas Instruments,TPS2553DBVR,SOT-23-6,Fit,Selected,Package_TO_SOT_SMD:SOT-23-6,SMT stock audit,"28.7 kΩ ILIM; about 0.901 A nominal"
Power,1,U_3V3,Texas Instruments,TPS62132RGTR,VQFN-16,Fit,Selected,Package_DFN_QFN:VQFN-16-1EP_3x3mm_P0.5mm_EP1.68x1.68mm_ThermalVias,SMT exact-MPN sourcing,"Fixed 3.3 V 3 A; footprint matches TI RGT0016C 1.68 mm exposed pad"
Power,1,L1,Sunlord,WPN4020H2R2MT,4.0x4.0x2.0mm,Fit,Selected,A3_Control_Center:WPN4020H,SMT JLCPCB C98361,"2.2 uH +/-20%; 48 mOhm max DCR; 4.3 A rated current; 6.1 A minimum/7.6 A typical Isat; high-stock Rev A replacement; not documented AEC-Q200"
Power,1,U_5VFT,Texas Instruments,TPS63070RNMR,VQFN-HR-15 RNM0015A,Fit,Selected,A3_Control_Center:TI_RNM0015A_VQFN-HR-15,SMT exact-MPN sourcing,"Adjustable to 5.0 V; project-local asymmetric footprint captured from TI 4222000/B; independent overlay/review remains required"
Power,1,L2,Coilcraft,XGL4020-152MEC,4.0x4.0x2.1mm,Fit,Selected,Inductor_SMD:L_Coilcraft_XxL4020,SMT JLCPCB C7417180,"1.5 uH +/-20%; XGL4020 is Coilcraft's documented XFL4020 drop-in family; 14.3 mOhm max DCR; 7.5 A Isat at 30% L drop"
CAN_HS,1,U_CAN_HS,Texas Instruments,TCAN332DR,SOIC-8,Fit,Selected,Package_SO:SOIC-8_3.9x4.9mm_P1.27mm,SMT stock audit,"3.3 V high-speed CAN"
CAN_HS,1,J20,Phoenix Contact,1715734,THT 1x3 5.08mm,Fit,Selected,"TerminalBlock_Phoenix:TerminalBlock_Phoenix_MKDS-1,5-3-5.08_1x03_P5.08mm_Horizontal",JLC manual/wave assembly required,"Three independent potentials; pin 1 CANH, pin 2 CANL, pin 3 GND; do not use internally commoned B variant"
CAN_FT,1,U_CAN_CTRL,Microchip,MCP2515T-I/SO,SOIC-18,Fit,Selected,Package_SO:SOIC-18W_7.5x11.6mm_P1.27mm,SMT LCSC C153782,"Tape-and-reel ordering code; same industrial-temperature MCP2515, 3.3 V operation, and 16 MHz firmware assumption"
CAN_FT,1,U_CAN_FT,NXP,TJA1055T/3/2Z,SO-14,Fit,Selected,Package_SO:SO-14_3.9x8.65mm_P1.27mm,SMT exact-MPN/global sourcing,"VCC and BAT on +5V_FT; 3.3 V logic interface"
CAN_FT,1,J40,Phoenix Contact,1715734,THT 1x3 5.08mm,Fit,Selected,"TerminalBlock_Phoenix:TerminalBlock_Phoenix_MKDS-1,5-3-5.08_1x03_P5.08mm_Horizontal",JLC manual/wave assembly required,"Three independent potentials; pin 1 CANH, pin 2 CANL, pin 3 GND; do not use internally commoned B variant"
Video,1,U_VIDEO,Texas Instruments,THS7314DR,SOIC-8,Fit,Selected,Package_SO:SOIC-8_3.9x4.9mm_P1.27mm,SMT exact-MPN/global sourcing,"Use channel 1; unused inputs require defined bias/termination"
Video Protection,1,D60,HXY MOSFET,HPESD5V0U1BA-Q,SOD-323,Fit,Selected,Diode_SMD:D_SOD-323,SMT LCSC C25503782,"Revision A prototype substitution: bidirectional 5 V, 2.5 pF max, 12.9 V max clamp at 2 A; not AEC-Q101; -40 to +125 C"
Video,1,J60,Same Sky,RCJ-014,THT right-angle yellow,Fit,Selected,A3_Control_Center:RCJ-014,JLCPCB C4991844 manual/wave assembly required,"Manufacturer pin 1 shell uses three 2.6 mm holes; pin 2 center uses 1.7 mm hole; footprint from RCJ-01 drawing dated 2026-08-12"
Video,1,C63,Panasonic,EEEFK0J471GP,SMD aluminum electrolytic 8x10.2mm,DNP,Selected,Capacitor_SMD:CP_Elec_8x10,SMT exact-MPN/global sourcing,"470 uF 6.3 V optional output AC-coupling experiment; default DNP; polarity positive toward THS7314"
Display,1,MOD_OLED,DFRobot,DFR0486,41.2x26.2mm Gravity module,User-fit,Selected,N/A,User-fit,"0.96in 128x64 SSD1306; 3.3-5V; I2C address 0x3C; about 22.75mA full-screen; enclosure/front-panel mounted"
Display,1,J10,JST,B4B-PH-K-S(LF)(SN),THT 1x4 P2.00mm vertical,Fit,Selected,Connector_JST:JST_PH_B4B-PH-K_1x04_P2.00mm_Vertical,JLC manual/wave assembly required,"Gravity PH2.0-4P interface: 1 +3V3, 2 GND, 3 SCL, 4 SDA"
Display,1,W10,DFRobot,Gravity 4P I2C cable,PH2.0-4P cable,User-fit,Selected,N/A,User-fit,"Keyed module cable; choose length after enclosure placement"
Controls,3,"SW1 SW2 SW3",E-Switch,TL3301NF260QG,SMD 6x6mm gull-wing,Fit,Selected,Button_Switch_SMD:SW_Push_1P1T_NO_E-Switch_TL3301NxxxxxG,SMT LCSC C273528,"RESET/EN, BOOT, and USER; approved same-family 260 +/-50 gf ivory-actuator substitute for low-stock TL3301NF160QG; identical land pattern and SPST-NO topology"
Oscillator,1,Y40,Abracon,ABM3BAIG-16.000MHZ-12-2-T,5032 4-SMD,Fit,Selected,Crystal:Crystal_SMD_5032-4Pin_5.0x3.2mm,SMT exact-MPN/global sourcing,"16 MHz; CL=12 pF; initial Cload=18 pF each; validate startup/frequency"
Protection,2,"D20 D40",Nexperia,PESD2CAN24T-Q,SOT-23,Fit,Selected,Package_TO_SOT_SMD:SOT-23,SMT exact-MPN/global sourcing,"AEC-Q101 dual-line CAN protector; pin 3 transient return"
