Reference,Manufacturer,Manufacturer Part,LCSC Part,Verification date,Catalog state at check,Source,Notes
R1 R2,UNI-ROYAL,0603WAF5101T5E,C23186,2026-10-04,In stock,https://www.lcsc.com/product-detail/C23186.html,"5.1 kohm 1% 100 mW 75 V 0603"
R3,UNI-ROYAL,0603WAF1004T5E,C22935,2026-10-04,In stock,https://www.lcsc.com/product-detail/C22935.html,"1 Mohm 1% 100 mW 75 V 0603"
R5,UNI-ROYAL,0603WAF2212T5E,C25961,2026-10-04,In stock,https://www.lcsc.com/product-detail/C25961.html,"22.1 kohm 1% 100 mW 75 V 0603"
R6,UNI-ROYAL,0603WAF4752T5E,C23061,2026-10-04,In stock,https://www.lcsc.com/product-detail/C23061.html,"47.5 kohm 1% 100 mW 75 V 0603"
R7 R26,UNI-ROYAL,0603WAF1001T5E,C21190,2026-10-04,In stock,https://www.lcsc.com/product-detail/C21190.html,"1 kohm 1% 100 mW 75 V 0603"
R8,UNI-ROYAL,0603WAF2872T5E,C22928,2026-10-04,Low stock (300 shown),https://www.lcsc.com/product-detail/C22928.html,"28.7 kohm 1% 100 mW 75 V 0603; TPS2553 current-limit setpoint"
R9 R11 R20 R21 R22 R23 R27 R40 R41 R42 R43 R44 R45 R50,UNI-ROYAL,0603WAF1002T5E,C25804,2026-10-04,In stock,https://www.lcsc.com/product-detail/C25804.html,"10 kohm 1% 100 mW 75 V 0603"
R10 R14,UNI-ROYAL,0603WAF1003T5E,C25803,2026-10-04,In stock,https://www.lcsc.com/product-detail/C25803.html,"100 kohm 1% 100 mW 75 V 0603"
R12,UNI-ROYAL,0603WAF6803T5E,C25822,2026-10-04,In stock,https://www.lcsc.com/product-detail/C25822.html,"680 kohm 1% 100 mW 75 V 0603; 5V_FT feedback"
R13,UNI-ROYAL,0603WAF1303T5E,C22795,2026-10-04,In stock,https://www.lcsc.com/product-detail/C22795.html,"130 kohm 1% 100 mW 75 V 0603; 5V_FT feedback"
R30 R31 R46 R47,UNI-ROYAL,0603WAF0000T5E,C21189,2026-10-04,In stock,https://www.lcsc.com/product-detail/C21189.html,"0 ohm 100 mW 0603 fitted common-mode-choke bypasses"
R32,UNI-ROYAL,0603WAF1200T5E,C22787,2026-10-04,In stock,https://www.lcsc.com/product-detail/C22787.html,"120 ohm 1% 100 mW 0603 selectable CAN_HS termination"
R48 R49,UNI-ROYAL,0603WAF1201T5E,C22765,2026-10-04,In stock,https://www.lcsc.com/product-detail/C22765.html,"1.2 kohm 1% 100 mW 0603 configurable FT-CAN line terminations"
R60,UNI-ROYAL,0603WAF330JT5E,C23140,2026-10-04,In stock,https://www.lcsc.com/product-detail/C23140.html,"33 ohm 1% 100 mW 0603 DAC isolation"
R62,UNI-ROYAL,0603WAF750JT5E,C4275,2026-10-04,In stock,https://www.lcsc.com/product-detail/C4275.html,"75 ohm 1% 100 mW 0603 video source termination"
D20 D40,Nexperia,PESD2CAN24T-QR,C28933048,2026-10-04,In stock,https://www.lcsc.com/product-detail/C28933048.html,"Reel suffix R; exact PESD2CAN24T-Q device and SOT-23 package"
D60,HXY MOSFET,HPESD5V0U1BA-Q,C25503782,2026-10-05,In stock (900 shown in LCSC catalog; owner reports JLC inventory available),https://www.lcsc.com/product-detail/C25503782.html,"Revision A prototype alternative to Nexperia PESD5V0U1BA-QX/C7508796: same bidirectional 5 V SOD-323 topology; 2.5 pF max; not AEC-Q101; narrower -40 to +125 C operating range and higher 1 uA leakage"
J1,Global Connector Technology,USB4105-GF-A,C3020560,2026-10-04,Out of stock,https://www.lcsc.com/product-detail/USB-Connectors_Global-Connector-Technology-USB4105-GF-A_C3020560.html,"Exact approved connector; mixed SMT contacts/PTH stakes still require assembly-process confirmation"
J10,JST,B4B-PH-K-S(LF)(SN),C131334,2026-10-04,In stock,https://www.lcsc.com/product-detail/C131334.html,"Exact keyed vertical PH-series 4-pin 2.00 mm connector; required JLC manual/wave assembly"
J20 J40,Phoenix Contact,1715734,C480520,2026-10-04,In stock,https://www.lcsc.com/product-detail/C480520.html,"Exact three-independent-position 5.08 mm terminal block; required JLC manual/wave assembly; never substitute internally commoned -B- variant"
J60,Same Sky,RCJ-014,C4991844,2026-10-05,In stock (64 snapshot),https://jlcpcb.com/partdetail/CUI-RCJ014/C4991844,"Yellow right-angle THT RCA; official RCJ-01 footprint; manufacturer pin 1 shell and pin 2 center; JLC manual/wave assembly required"
U1,STMicroelectronics,USBLC6-2SC6,C7519,2026-10-04,Exact product page found,https://www.lcsc.com/product-detail/Diodes-ESD_STMicroelectronics_USBLC6-2SC6_USBLC6-2SC6_C7519.html,"Recheck JLC assembly inventory, not only LCSC distributor stock"
U2,Silicon Labs,CP2102N-A02-GQFN28R,C964632,2026-10-04,In stock (40263 shown),https://www.lcsc.com/product-detail/C964632.html,"R is Silicon Labs' optional tape-and-reel suffix; same A02 firmware/hardware revision, temperature grade, QFN28 package, pinout, and land pattern as the former tray-order code"
U3,Texas Instruments,TPS2553DBVR,C55266,2026-10-04,In stock,https://www.lcsc.com/product-detail/C55266.html,"Exact constant-current (non -1 latch-off) variant"
U4,Texas Instruments,TPS62132RGTR,C81563,2026-10-04,Exact product page found,https://www.lcsc.com/product-detail/C81563.html,"Recheck stock and JLC assembly classification at order time"
U5,Texas Instruments,TPS63070RNMR,C109322,2026-10-04,In stock,https://www.lcsc.com/product-detail/C109322.html,"Project-local RNM0015A footprint passed independent dimensional audit; JLC DFM review of the documented pads 4/5 heel relief remains required"
U10,Espressif,ESP32-WROOM-32E-N4,C701341,2026-10-04,In stock,https://www.lcsc.com/product-detail/WIFI-Modules_Espressif-Systems-ESP32-WROOM-32E-4MB_C701341.html,"Exact approved 4 MB PCB-antenna module"
U20,Texas Instruments,TCAN332DR,C73651,2026-10-04,In stock,https://www.lcsc.com/product-detail/C73651.html,"Exact SOIC-8 reel variant"
U40,Microchip,MCP2515T-I/SO,C153782,2026-10-05,In stock (8022 shown; selected in JLC workbook),https://www.lcsc.com/product-detail/C153782.html,"Microchip T prefix denotes tape-and-reel; same 300 mil SOIC-18 industrial-temperature MCP2515 device"
U41,NXP,TJA1055T/3/2Z,C5202584,2026-10-04,Low stock (9 shown),https://www.lcsc.com/product-detail/C5202584.html,"Exact approved /3/2Z variant; likely pre-order/global-source candidate"
U60,Texas Instruments,THS7314DR,C882751,2026-10-04,In stock,https://www.lcsc.com/product-detail/C882751.html,"Exact TI video amplifier; do not use same-named third-party clone"
Y40,Abracon,ABM3BAIG-16.000MHZ-12-2-T,C1986798,2026-10-04,Low stock (5 shown),https://www.lcsc.com/product-detail/C1986798.html,"Exact 16 MHz 12 pF crystal; startup/frequency validation remains required"
C3 C6 C8 C10 C12 C22 C30 C40 C42 C45 C61,Samsung Electro-Mechanics,CL10B104KB8NNNC,C1591,2026-10-04,In stock,https://www.lcsc.com/product-detail/C1591.html,"100 nF 50 V X7R +/-10% 0603 general bypass"
C11,KEMET,C0603C332J5GACTU,C2170675,2026-10-04,In stock (7600 shown),https://www.lcsc.com/product-detail/C2170675.html,"3.3 nF 50 V C0G +/-5% 0603; regulator timing/feed-forward position"
C13 C14 C15,Samsung Electro-Mechanics,CL21A226MOQNNNE,C98190,2026-10-04,In stock,https://www.lcsc.com/product-detail/C98190.html,"22 uF 16 V X5R +/-20% 0805; verify effective capacitance in the TPS63070 power stage"
C16 C19,Samsung Electro-Mechanics,CL10A106MA8NRNC,C96446,2026-10-04,In stock,https://www.lcsc.com/product-detail/C96446.html,"10 uF 25 V X5R +/-20% 0603"
C7 C17 C18 C21,Samsung Electro-Mechanics,CL21A106KAYNNNE,C15850,2026-10-04,In stock,https://www.lcsc.com/product-detail/C15850.html,"10 uF 25 V X5R +/-10% 0805; generous voltage margin"
C2,Samsung Electro-Mechanics,CL21B475KOFNNNE,C107365,2026-10-04,In stock,https://www.lcsc.com/product-detail/C107365.html,"4.7 uF 16 V X7R +/-10% 0805"
C4 C20 C31 C41 C46 C62,Samsung Electro-Mechanics,CL21B105KAFNNNE,C116352,2026-10-04,In stock,https://www.lcsc.com/product-detail/C116352.html,"1 uF 25 V X7R +/-10% 0805"
C9,Samsung Electro-Mechanics,CL21A226MPQNNNE,C29277,2026-10-04,In stock,https://www.lcsc.com/product-detail/C29277.html,"22 uF 10 V X5R +/-20% 0805 on 3.3 V rail"
C43 C44,Samsung Electro-Mechanics,CL10C180JB8NNNC,C1647,2026-10-04,In stock,https://www.lcsc.com/product-detail/C1647.html,"18 pF 50 V C0G +/-5% 0603 crystal load capacitors"
C5,Samsung Electro-Mechanics,CL32A476KPJNNNE,C525654,2026-10-04,In stock (635 shown),https://www.lcsc.com/product-detail/C525654.html,"47 uF 10 V X5R +/-10% 1210 on USB 5 V; effective-capacitance review retained"
D10,LITEON,LTST-C191KGKT,C125098,2026-10-04,In stock (315880 shown),https://www.lcsc.com/product-detail/C125098.html,"Green 0603 LED; 1.9 V minimum to 2.4 V maximum at 20 mA per manufacturer datasheet; PCB pad 1 is cathode/GND and pad 2 is anode"
SW1 SW2 SW3,E-Switch,TL3301NF260QG,C273528,2026-10-05,"Current consolidated JLC workbook allocates 6 from JLCPCB",https://www.lcsc.com/product-detail/C273528.html,"Approved same-family substitution for TL3301NF160QG; identical 6 x 6 mm gull-wing land pattern and SPST-NO pin topology; 260 +/-50 gf ivory actuator replaces 160 +/-50 gf black actuator; 50 VDC/50 mA rating. Exact quantity required for two assembled boards is selected in the current quotation."
C23,Samsung Electro-Mechanics,CL32A107MPVNNNE,C23742,2026-10-04,In stock (37807 shown),https://www.lcsc.com/product-detail/C23742.html,"100 uF 10 V X5R +/-20% 1210 local 3.3 V bulk; effective capacitance remains subject to DC-bias validation"
Q1 Q2,JSCJ,SS8050(RANGE:300-400),C177739,2026-10-04,In stock (20450 shown),https://www.lcsc.com/product-detail/C177739.html,"Exact manufacturer datasheet verifies SOT-23 pin 1 base, pin 2 emitter, pin 3 collector; matches PCB B-E-C nets"
L1,Sunlord,WPN4020H2R2MT,C98361,2026-10-05,"In stock (33235 snapshot; 32894 available order quantity)",https://jlcpcb.com/partdetail/WPN4020H2R2MT/C98361,"2.2 uH +/-20%; 48 mOhm max; 4.3 A rated; 6.1 A minimum/7.6 A typical Isat; project-local manufacturer land pattern; not documented AEC-Q200"
L2,Coilcraft,XGL4020-152MEC,C7417180,2026-10-05,In stock (2407 snapshot),https://jlcpcb.com/partdetail/Coilcraft-XGL4020152MEC/C7417180,"1.5 uH +/-20%; documented drop-in family for XFL4020; existing Coilcraft XxL4020 land pattern retained"
C60,YAGEO,CC0805KRX7R9BB104,C49678,2026-10-04,In stock,https://www.lcsc.com/product-detail/C49678.html,"100 nF 50 V X7R +/-10% 0805; THS7314 input coupling has approximately zero DC bias, so C0G was not retained"
C1,PSA (Prosperity Dielectrics),FV32N472J102EFG,C5156737,2026-10-05,"JLC global inventory: 2283 shown; minimum 1",https://jlcpcb.com/partdetail/5791208-FV32N472J102EFG/C5156737,"4.7 nF 1 kV C0G +/-5% 1210; manufacturer FV-series code and dimensions verified. Commercial/non-AEC-Q200 prototype substitution for TDK CGA6M1C0G3A472G200AC."
